old_id	new_id
1	0
2	1
3	2
4	3
5	4
6	5
7	6
8	7
9	8
10	9
11	10
13	11
14	12
15	13
16	14
17	15
19	16
20	17
21	18
22	19
23	20
24	21
26	22
28	23
29	24
30	25
32	26
33	27
34	28
35	29
37	30
38	31
39	32
40	33
41	34
42	35
43	36
44	37
45	38
46	39
47	40
48	41
49	42
51	43
52	44
53	45
55	46
56	47
57	48
60	49
61	50
62	51
63	52
64	53
65	54
66	55
67	56
68	57
69	58
70	59
71	60
72	61
73	62
74	63
75	64
76	65
77	66
78	67
80	68
81	69
82	70
83	71
84	72
85	73
86	74
87	75
88	76
89	77
90	78
92	79
93	80
94	81
96	82
97	83
98	84
99	85
100	86
101	87
103	88
104	89
105	90
106	91
107	92
108	93
111	94
113	95
114	96
115	97
117	98
118	99
119	100
120	101
121	102
122	103
123	104
124	105
125	106
126	107
127	108
128	109
130	110
131	111
132	112
134	113
135	114
136	115
137	116
138	117
139	118
140	119
141	120
142	121
143	122
144	123
145	124
148	125
149	126
150	127
151	128
153	129
155	130
157	131
158	132
159	133
160	134
162	135
163	136
164	137
165	138
166	139
167	140
168	141
169	142
170	143
171	144
172	145
173	146
174	147
175	148
178	149
179	150
180	151
181	152
182	153
183	154
184	155
185	156
186	157
188	158
189	159
190	160
193	161
194	162
195	163
196	164
197	165
198	166
199	167
201	168
202	169
204	170
206	171
207	172
208	173
209	174
210	175
211	176
212	177
213	178
214	179
215	180
216	181
217	182
218	183
219	184
220	185
221	186
222	187
223	188
224	189
225	190
226	191
227	192
228	193
229	194
230	195
231	196
232	197
233	198
234	199
235	200
236	201
237	202
238	203
239	204
240	205
244	206
245	207
246	208
247	209
248	210
249	211
250	212
251	213
252	214
253	215
254	216
255	217
256	218
257	219
259	220
260	221
261	222
262	223
263	224
266	225
267	226
268	227
269	228
271	229
272	230
273	231
274	232
275	233
277	234
278	235
280	236
281	237
282	238
283	239
284	240
285	241
286	242
287	243
289	244
290	245
291	246
292	247
293	248
294	249
295	250
296	251
297	252
298	253
299	254
300	255
301	256
302	257
304	258
305	259
306	260
307	261
308	262
309	263
310	264
311	265
314	266
315	267
316	268
317	269
318	270
321	271
322	272
323	273
324	274
326	275
327	276
328	277
329	278
330	279
331	280
333	281
337	282
338	283
339	284
340	285
341	286
342	287
343	288
344	289
346	290
347	291
349	292
350	293
351	294
353	295
354	296
355	297
358	298
359	299
360	300
361	301
362	302
363	303
364	304
365	305
367	306
368	307
370	308
371	309
372	310
374	311
375	312
376	313
377	314
378	315
379	316
380	317
381	318
382	319
383	320
384	321
385	322
386	323
387	324
388	325
389	326
390	327
391	328
392	329
393	330
394	331
395	332
396	333
397	334
398	335
399	336
400	337
401	338
402	339
404	340
405	341
406	342
407	343
408	344
409	345
410	346
411	347
412	348
413	349
414	350
415	351
417	352
418	353
419	354
420	355
422	356
423	357
424	358
425	359
426	360
427	361
428	362
429	363
430	364
431	365
432	366
433	367
434	368
436	369
437	370
438	371
440	372
441	373
443	374
444	375
445	376
446	377
447	378
448	379
449	380
450	381
452	382
453	383
454	384
455	385
456	386
458	387
459	388
460	389
461	390
462	391
463	392
464	393
466	394
467	395
468	396
469	397
471	398
472	399
473	400
474	401
475	402
476	403
477	404
478	405
479	406
480	407
481	408
482	409
483	410
484	411
485	412
486	413
487	414
488	415
489	416
490	417
491	418
493	419
495	420
496	421
497	422
498	423
499	424
500	425
501	426
502	427
503	428
504	429
505	430
507	431
508	432
509	433
511	434
512	435
513	436
515	437
516	438
517	439
518	440
519	441
520	442
521	443
522	444
523	445
524	446
525	447
526	448
527	449
528	450
530	451
531	452
532	453
536	454
537	455
538	456
539	457
540	458
541	459
542	460
545	461
546	462
547	463
548	464
549	465
551	466
552	467
553	468
554	469
555	470
557	471
558	472
559	473
560	474
561	475
562	476
563	477
566	478
567	479
568	480
569	481
570	482
571	483
573	484
574	485
575	486
576	487
577	488
578	489
580	490
581	491
583	492
584	493
585	494
586	495
587	496
589	497
590	498
591	499
592	500
593	501
595	502
596	503
597	504
598	505
599	506
600	507
601	508
602	509
603	510
604	511
605	512
606	513
607	514
608	515
609	516
610	517
611	518
612	519
613	520
614	521
615	522
616	523
617	524
619	525
620	526
621	527
622	528
623	529
625	530
626	531
627	532
628	533
629	534
630	535
633	536
635	537
636	538
637	539
638	540
640	541
641	542
642	543
643	544
644	545
647	546
648	547
649	548
650	549
651	550
652	551
653	552
654	553
655	554
656	555
657	556
658	557
659	558
661	559
662	560
663	561
664	562
665	563
666	564
667	565
668	566
669	567
670	568
671	569
672	570
673	571
674	572
676	573
677	574
678	575
679	576
680	577
681	578
682	579
683	580
684	581
685	582
688	583
689	584
690	585
691	586
692	587
694	588
695	589
697	590
698	591
699	592
700	593
701	594
702	595
703	596
704	597
705	598
706	599
707	600
708	601
710	602
711	603
712	604
713	605
718	606
719	607
720	608
721	609
723	610
724	611
725	612
726	613
727	614
728	615
729	616
730	617
731	618
733	619
734	620
735	621
737	622
739	623
740	624
741	625
742	626
744	627
745	628
746	629
747	630
748	631
749	632
750	633
751	634
753	635
754	636
755	637
756	638
757	639
758	640
759	641
761	642
762	643
763	644
764	645
765	646
766	647
767	648
768	649
769	650
770	651
772	652
773	653
774	654
775	655
778	656
779	657
780	658
781	659
783	660
784	661
787	662
788	663
789	664
790	665
792	666
793	667
794	668
795	669
796	670
797	671
799	672
800	673
801	674
803	675
804	676
805	677
806	678
807	679
808	680
809	681
810	682
812	683
813	684
814	685
816	686
817	687
818	688
820	689
821	690
822	691
823	692
824	693
825	694
826	695
827	696
828	697
829	698
830	699
831	700
832	701
833	702
834	703
835	704
837	705
838	706
839	707
840	708
841	709
842	710
843	711
844	712
845	713
846	714
847	715
848	716
849	717
850	718
851	719
852	720
853	721
854	722
855	723
856	724
857	725
858	726
859	727
860	728
861	729
862	730
865	731
867	732
868	733
869	734
872	735
873	736
874	737
875	738
876	739
877	740
878	741
879	742
880	743
881	744
882	745
883	746
884	747
885	748
886	749
887	750
888	751
889	752
890	753
891	754
892	755
895	756
896	757
897	758
899	759
900	760
901	761
902	762
904	763
905	764
907	765
908	766
909	767
910	768
911	769
912	770
913	771
914	772
915	773
916	774
917	775
918	776
919	777
920	778
921	779
923	780
924	781
926	782
928	783
929	784
930	785
931	786
932	787
933	788
934	789
935	790
936	791
938	792
939	793
940	794
941	795
942	796
943	797
944	798
945	799
946	800
947	801
948	802
950	803
951	804
952	805
953	806
954	807
955	808
956	809
957	810
958	811
959	812
960	813
961	814
963	815
964	816
965	817
966	818
967	819
968	820
969	821
970	822
971	823
972	824
974	825
975	826
976	827
977	828
978	829
979	830
980	831
981	832
982	833
983	834
984	835
985	836
986	837
987	838
988	839
990	840
991	841
992	842
993	843
994	844
995	845
997	846
998	847
999	848
1000	849
1001	850
1002	851
1003	852
1004	853
1005	854
1006	855
1007	856
1008	857
1009	858
1010	859
1011	860
1012	861
1013	862
1015	863
1016	864
1017	865
1019	866
1020	867
1021	868
1022	869
1023	870
1024	871
1025	872
1026	873
1027	874
1028	875
1029	876
1030	877
1031	878
1032	879
1033	880
1034	881
1035	882
1036	883
1037	884
1039	885
1040	886
1041	887
1042	888
1043	889
1044	890
1045	891
1046	892
1048	893
1049	894
1050	895
1051	896
1052	897
1053	898
1054	899
1055	900
1056	901
1057	902
1058	903
1059	904
1061	905
1062	906
1063	907
1064	908
1065	909
1066	910
1067	911
1068	912
1069	913
1071	914
1072	915
1073	916
1074	917
1076	918
1077	919
1078	920
1079	921
1080	922
1081	923
1082	924
1083	925
1084	926
1085	927
1086	928
1087	929
1088	930
1089	931
1090	932
1091	933
1092	934
1093	935
1094	936
1095	937
1096	938
1097	939
1098	940
1099	941
1100	942
1101	943
1103	944
1104	945
1105	946
1106	947
1107	948
1109	949
1110	950
1111	951
1112	952
1113	953
1114	954
1115	955
1116	956
1117	957
1118	958
1119	959
1120	960
1121	961
1122	962
1124	963
1125	964
1126	965
1127	966
1128	967
1129	968
1130	969
1131	970
1132	971
1133	972
1135	973
1137	974
1139	975
1140	976
1141	977
1142	978
1143	979
1145	980
1146	981
1147	982
1148	983
1149	984
1150	985
1152	986
1153	987
1155	988
1156	989
1157	990
1158	991
1160	992
1161	993
1162	994
1163	995
1164	996
1165	997
1166	998
1167	999
1168	1000
1169	1001
1170	1002
1172	1003
1173	1004
1174	1005
1175	1006
1176	1007
1177	1008
1178	1009
1179	1010
1180	1011
1183	1012
1184	1013
1185	1014
1186	1015
1187	1016
1188	1017
1190	1018
1191	1019
1192	1020
1193	1021
1194	1022
1195	1023
1197	1024
1198	1025
1199	1026
1200	1027
1201	1028
1202	1029
1203	1030
1204	1031
1205	1032
1206	1033
1207	1034
1208	1035
1209	1036
1210	1037
1212	1038
1213	1039
1214	1040
1215	1041
1217	1042
1219	1043
1220	1044
1221	1045
1222	1046
1223	1047
1224	1048
1225	1049
1226	1050
1227	1051
1228	1052
1229	1053
1230	1054
1231	1055
1232	1056
1233	1057
1234	1058
1235	1059
1236	1060
1238	1061
1239	1062
1240	1063
1241	1064
1242	1065
1243	1066
1244	1067
1245	1068
1246	1069
1247	1070
1248	1071
1249	1072
1251	1073
1252	1074
1253	1075
1254	1076
1255	1077
1256	1078
1257	1079
1259	1080
1260	1081
1261	1082
1262	1083
1263	1084
1264	1085
1265	1086
1266	1087
1267	1088
1268	1089
1269	1090
1270	1091
1271	1092
1272	1093
1273	1094
1274	1095
1275	1096
1276	1097
1277	1098
1278	1099
1282	1100
1283	1101
1284	1102
1285	1103
1286	1104
1287	1105
1290	1106
1293	1107
1294	1108
1295	1109
1296	1110
1297	1111
1298	1112
1300	1113
1301	1114
1302	1115
1303	1116
1304	1117
1305	1118
1306	1119
1307	1120
1308	1121
1309	1122
1310	1123
1311	1124
1313	1125
1314	1126
1315	1127
1316	1128
1317	1129
1318	1130
1319	1131
1321	1132
1322	1133
1324	1134
1326	1135
1327	1136
1328	1137
1329	1138
1331	1139
1332	1140
1334	1141
1335	1142
1336	1143
1338	1144
1339	1145
1340	1146
1341	1147
1342	1148
1343	1149
1345	1150
1347	1151
1348	1152
1350	1153
1351	1154
1353	1155
1354	1156
1355	1157
1356	1158
1357	1159
1358	1160
1359	1161
1360	1162
1362	1163
1363	1164
1364	1165
1365	1166
1366	1167
1367	1168
1368	1169
1369	1170
1370	1171
1371	1172
1372	1173
1374	1174
1375	1175
1377	1176
1378	1177
1379	1178
1380	1179
1381	1180
1382	1181
1383	1182
1386	1183
1387	1184
1389	1185
1390	1186
1391	1187
1392	1188
1394	1189
1395	1190
1396	1191
1398	1192
1399	1193
1401	1194
1402	1195
1404	1196
1405	1197
1406	1198
1407	1199
1408	1200
1409	1201
1411	1202
1412	1203
1413	1204
1414	1205
1415	1206
1416	1207
1417	1208
1418	1209
1419	1210
1422	1211
1423	1212
1425	1213
1426	1214
1427	1215
1428	1216
1430	1217
1431	1218
1432	1219
1435	1220
1436	1221
1437	1222
1438	1223
1439	1224
1440	1225
1441	1226
1442	1227
1443	1228
1444	1229
1445	1230
1447	1231
1449	1232
1450	1233
1451	1234
1452	1235
1453	1236
1454	1237
1455	1238
1456	1239
1457	1240
1458	1241
1459	1242
1460	1243
1461	1244
1462	1245
1463	1246
1464	1247
1465	1248
1466	1249
1467	1250
1468	1251
1469	1252
1470	1253
1471	1254
1472	1255
1473	1256
1474	1257
1475	1258
1476	1259
1479	1260
1480	1261
1481	1262
1483	1263
1484	1264
1485	1265
1487	1266
1488	1267
1489	1268
1490	1269
1491	1270
1492	1271
1493	1272
1495	1273
1496	1274
1497	1275
1498	1276
1499	1277
1500	1278
1501	1279
1502	1280
1503	1281
1505	1282
1506	1283
1508	1284
1509	1285
1510	1286
1511	1287
1512	1288
1513	1289
1514	1290
1515	1291
1516	1292
1518	1293
1519	1294
1520	1295
1522	1296
1523	1297
1524	1298
1525	1299
1526	1300
1527	1301
1528	1302
1530	1303
1531	1304
1532	1305
1533	1306
1534	1307
1535	1308
1536	1309
1537	1310
1538	1311
1539	1312
1540	1313
1541	1314
1543	1315
1545	1316
1546	1317
1547	1318
1548	1319
1549	1320
1550	1321
1553	1322
1554	1323
1555	1324
1556	1325
1557	1326
1558	1327
1559	1328
1561	1329
1563	1330
1564	1331
1565	1332
1566	1333
1567	1334
1568	1335
1569	1336
1570	1337
1571	1338
1572	1339
1573	1340
1574	1341
1575	1342
1576	1343
1577	1344
1578	1345
1579	1346
1580	1347
1581	1348
1583	1349
1584	1350
1585	1351
1586	1352
1587	1353
1588	1354
1589	1355
1590	1356
1591	1357
1592	1358
1593	1359
1594	1360
1595	1361
1596	1362
1597	1363
1598	1364
1599	1365
1600	1366
1601	1367
1602	1368
1603	1369
1604	1370
1605	1371
1606	1372
1607	1373
1608	1374
1609	1375
1610	1376
1611	1377
1613	1378
1614	1379
1616	1380
1617	1381
1618	1382
1619	1383
1621	1384
1622	1385
1623	1386
1624	1387
1625	1388
1626	1389
1627	1390
1628	1391
1629	1392
1630	1393
1631	1394
1632	1395
1633	1396
1634	1397
1635	1398
1636	1399
1637	1400
1638	1401
1639	1402
1640	1403
1641	1404
1642	1405
1643	1406
1644	1407
1645	1408
1646	1409
1649	1410
1650	1411
1651	1412
1653	1413
1654	1414
1655	1415
1656	1416
1657	1417
1658	1418
1659	1419
1660	1420
1661	1421
1662	1422
1663	1423
1665	1424
1666	1425
1667	1426
1668	1427
1669	1428
1670	1429
1671	1430
1672	1431
1673	1432
1674	1433
1675	1434
1676	1435
1677	1436
1678	1437
1680	1438
1681	1439
1682	1440
1683	1441
1684	1442
1685	1443
1686	1444
1687	1445
1688	1446
1689	1447
1690	1448
1692	1449
1693	1450
1694	1451
1695	1452
1696	1453
1697	1454
1698	1455
1699	1456
1700	1457
1701	1458
1702	1459
1703	1460
1704	1461
1706	1462
1707	1463
1708	1464
1710	1465
1711	1466
1712	1467
1713	1468
1714	1469
1715	1470
1717	1471
1719	1472
1720	1473
1721	1474
1722	1475
1723	1476
1724	1477
1725	1478
1726	1479
1727	1480
1728	1481
1729	1482
1730	1483
1733	1484
1734	1485
1735	1486
1736	1487
1738	1488
1739	1489
1740	1490
1742	1491
1744	1492
1745	1493
1746	1494
1747	1495
1748	1496
1749	1497
1750	1498
1751	1499
1752	1500
1753	1501
1754	1502
1755	1503
1756	1504
1757	1505
1758	1506
1759	1507
1761	1508
1762	1509
1763	1510
1764	1511
1765	1512
1766	1513
1767	1514
1768	1515
1769	1516
1770	1517
1771	1518
1773	1519
1774	1520
1776	1521
1777	1522
1778	1523
1780	1524
1781	1525
1782	1526
1783	1527
1785	1528
1786	1529
1787	1530
1788	1531
1789	1532
1791	1533
1792	1534
1793	1535
1794	1536
1795	1537
1796	1538
1797	1539
1798	1540
1799	1541
1802	1542
1804	1543
1805	1544
1806	1545
1808	1546
1811	1547
1812	1548
1813	1549
1814	1550
1815	1551
1817	1552
1818	1553
1819	1554
1820	1555
1821	1556
1822	1557
1824	1558
1825	1559
1827	1560
1828	1561
1829	1562
1830	1563
1831	1564
1832	1565
1834	1566
1836	1567
1837	1568
1838	1569
1839	1570
1843	1571
1844	1572
1845	1573
1846	1574
1848	1575
1849	1576
1850	1577
1851	1578
1852	1579
1853	1580
1854	1581
1855	1582
1856	1583
1857	1584
1858	1585
1859	1586
1860	1587
1861	1588
1862	1589
1863	1590
1864	1591
1865	1592
1866	1593
1867	1594
1868	1595
1869	1596
1870	1597
1871	1598
1872	1599
1874	1600
1876	1601
1877	1602
1878	1603
1879	1604
1880	1605
1881	1606
1882	1607
1883	1608
1884	1609
1885	1610
1886	1611
1887	1612
1888	1613
1889	1614
1890	1615
1891	1616
1892	1617
1893	1618
1894	1619
1895	1620
1896	1621
1897	1622
1898	1623
1900	1624
1901	1625
1902	1626
1903	1627
1904	1628
1905	1629
1906	1630
1907	1631
1908	1632
1909	1633
1910	1634
1911	1635
1914	1636
1915	1637
1916	1638
1917	1639
1918	1640
1919	1641
1920	1642
1921	1643
1923	1644
1924	1645
1925	1646
1926	1647
1927	1648
1928	1649
1929	1650
1930	1651
1931	1652
1933	1653
1934	1654
1935	1655
1936	1656
1937	1657
1938	1658
1940	1659
1941	1660
1942	1661
1943	1662
1944	1663
1945	1664
1946	1665
1947	1666
1948	1667
1951	1668
1953	1669
1955	1670
1956	1671
1959	1672
1960	1673
1961	1674
1962	1675
1963	1676
1965	1677
1966	1678
1968	1679
1969	1680
1970	1681
1971	1682
1972	1683
1973	1684
1974	1685
1975	1686
1976	1687
1977	1688
1979	1689
1980	1690
1981	1691
1982	1692
1983	1693
1984	1694
1986	1695
1987	1696
1988	1697
1990	1698
1991	1699
1992	1700
1993	1701
1994	1702
1995	1703
1996	1704
1998	1705
1999	1706
2000	1707
2001	1708
2002	1709
2003	1710
2004	1711
2005	1712
2006	1713
2007	1714
2008	1715
2010	1716
2012	1717
2013	1718
2014	1719
2015	1720
2016	1721
2017	1722
2019	1723
2020	1724
2022	1725
2023	1726
2025	1727
2027	1728
2028	1729
2029	1730
2030	1731
2032	1732
2034	1733
2035	1734
2036	1735
2037	1736
2038	1737
2039	1738
2041	1739
2043	1740
2044	1741
2045	1742
2046	1743
2047	1744
2048	1745
2049	1746
2050	1747
2051	1748
2052	1749
2053	1750
2054	1751
2055	1752
2056	1753
2057	1754
2058	1755
2059	1756
2060	1757
2061	1758
2064	1759
2065	1760
2068	1761
2069	1762
2070	1763
2072	1764
2073	1765
2075	1766
2076	1767
2077	1768
2078	1769
2079	1770
2080	1771
2082	1772
2083	1773
2084	1774
2085	1775
2086	1776
2087	1777
2088	1778
2089	1779
2090	1780
2091	1781
2093	1782
2094	1783
2095	1784
2096	1785
2097	1786
2098	1787
2099	1788
2100	1789
2101	1790
2102	1791
2103	1792
2105	1793
2106	1794
2107	1795
2108	1796
2109	1797
2110	1798
2111	1799
2112	1800
2113	1801
2114	1802
2115	1803
2116	1804
2117	1805
2118	1806
2119	1807
2120	1808
2123	1809
2125	1810
2126	1811
2127	1812
2128	1813
2129	1814
2130	1815
2131	1816
2132	1817
2133	1818
2134	1819
2137	1820
2138	1821
2139	1822
2140	1823
2141	1824
2143	1825
2144	1826
2145	1827
2146	1828
2147	1829
2148	1830
2149	1831
2151	1832
2152	1833
2153	1834
2154	1835
2157	1836
2158	1837
2159	1838
2160	1839
2164	1840
2167	1841
2168	1842
2170	1843
2171	1844
2172	1845
2173	1846
2175	1847
2177	1848
2179	1849
2180	1850
2181	1851
2182	1852
2183	1853
2184	1854
2185	1855
2186	1856
2187	1857
2188	1858
2189	1859
2190	1860
2191	1861
2192	1862
2193	1863
2194	1864
2195	1865
2198	1866
2200	1867
2201	1868
2203	1869
2204	1870
2205	1871
2206	1872
2207	1873
2208	1874
2209	1875
2210	1876
2211	1877
2212	1878
2213	1879
2214	1880
2215	1881
2216	1882
2217	1883
2218	1884
2219	1885
2220	1886
2222	1887
2223	1888
2224	1889
2225	1890
2226	1891
2227	1892
2228	1893
2229	1894
2230	1895
2231	1896
2233	1897
2234	1898
2236	1899
2238	1900
2239	1901
2240	1902
2241	1903
2242	1904
2243	1905
2244	1906
2245	1907
2247	1908
2248	1909
2249	1910
2250	1911
2251	1912
2253	1913
2254	1914
2255	1915
2256	1916
2257	1917
2258	1918
2259	1919
2260	1920
2261	1921
2262	1922
2263	1923
2265	1924
2266	1925
2268	1926
2269	1927
2270	1928
2271	1929
2273	1930
2274	1931
2275	1932
2276	1933
2278	1934
2279	1935
2280	1936
2281	1937
2283	1938
2284	1939
2285	1940
2286	1941
2287	1942
2288	1943
2289	1944
2291	1945
2292	1946
2293	1947
2294	1948
2295	1949
2296	1950
2297	1951
2298	1952
2299	1953
2300	1954
2301	1955
2302	1956
2303	1957
2304	1958
2305	1959
2306	1960
2307	1961
2308	1962
2309	1963
2310	1964
2312	1965
2313	1966
2314	1967
2315	1968
2316	1969
2317	1970
2318	1971
2320	1972
2321	1973
2322	1974
2323	1975
2325	1976
2326	1977
2327	1978
2328	1979
2329	1980
2331	1981
2332	1982
2333	1983
2334	1984
2335	1985
2337	1986
2339	1987
2340	1988
2341	1989
2342	1990
2343	1991
2344	1992
2345	1993
2346	1994
2347	1995
2349	1996
2350	1997
2351	1998
2353	1999
2354	2000
2355	2001
2356	2002
2357	2003
2358	2004
2359	2005
2360	2006
2361	2007
2362	2008
2363	2009
2364	2010
2365	2011
2366	2012
2367	2013
2370	2014
2372	2015
2373	2016
2374	2017
2376	2018
2377	2019
2378	2020
2379	2021
2382	2022
2383	2023
2384	2024
2386	2025
2387	2026
2388	2027
2389	2028
2390	2029
2392	2030
2394	2031
2395	2032
2396	2033
2397	2034
2398	2035
2399	2036
2401	2037
2402	2038
2403	2039
2404	2040
2405	2041
2406	2042
2407	2043
2408	2044
2409	2045
2410	2046
2411	2047
2412	2048
2414	2049
2415	2050
2416	2051
2417	2052
2418	2053
2419	2054
2421	2055
2422	2056
2423	2057
2424	2058
2425	2059
2426	2060
2427	2061
2428	2062
2429	2063
2430	2064
2431	2065
2432	2066
2433	2067
2434	2068
2436	2069
2437	2070
2438	2071
2439	2072
2440	2073
2441	2074
2442	2075
2444	2076
2445	2077
2446	2078
2447	2079
2448	2080
2449	2081
2450	2082
2451	2083
2453	2084
2454	2085
2455	2086
2457	2087
2458	2088
2459	2089
2460	2090
2461	2091
2462	2092
2463	2093
2465	2094
2466	2095
2467	2096
2468	2097
2469	2098
2470	2099
2471	2100
2472	2101
2473	2102
2474	2103
2475	2104
2476	2105
2477	2106
2478	2107
2479	2108
2480	2109
2482	2110
2483	2111
2484	2112
2485	2113
2486	2114
2487	2115
2488	2116
2489	2117
2490	2118
2491	2119
2493	2120
2494	2121
2495	2122
2496	2123
2497	2124
2498	2125
2499	2126
2500	2127
2501	2128
2502	2129
2503	2130
2504	2131
2505	2132
2506	2133
2508	2134
2509	2135
2510	2136
2511	2137
2512	2138
2513	2139
2515	2140
2516	2141
2517	2142
2518	2143
2519	2144
2520	2145
2521	2146
2522	2147
2523	2148
2524	2149
2525	2150
2526	2151
2527	2152
2528	2153
2530	2154
2531	2155
2532	2156
2533	2157
2534	2158
2535	2159
2536	2160
2537	2161
2538	2162
2539	2163
2540	2164
2541	2165
2542	2166
2543	2167
2544	2168
2545	2169
2547	2170
2548	2171
2550	2172
2551	2173
2552	2174
2553	2175
2555	2176
2557	2177
2558	2178
2561	2179
2562	2180
2563	2181
2564	2182
2565	2183
2566	2184
2567	2185
2568	2186
2569	2187
2570	2188
2571	2189
2572	2190
2573	2191
2574	2192
2575	2193
2576	2194
2577	2195
2578	2196
2579	2197
2580	2198
2581	2199
2582	2200
2583	2201
2584	2202
2586	2203
2587	2204
2588	2205
2589	2206
2590	2207
2591	2208
2592	2209
2593	2210
2594	2211
2595	2212
2596	2213
2597	2214
2599	2215
2601	2216
2602	2217
2603	2218
2604	2219
2605	2220
2606	2221
2607	2222
2608	2223
2609	2224
2610	2225
2611	2226
2612	2227
2615	2228
2616	2229
2617	2230
2619	2231
2620	2232
2621	2233
2622	2234
2623	2235
2624	2236
2625	2237
2627	2238
2628	2239
2629	2240
2630	2241
2631	2242
2633	2243
2634	2244
2636	2245
2637	2246
2638	2247
2639	2248
2640	2249
2641	2250
2643	2251
2644	2252
2645	2253
2646	2254
2648	2255
2649	2256
2650	2257
2651	2258
2652	2259
2653	2260
2654	2261
2655	2262
2656	2263
2657	2264
2658	2265
2659	2266
2660	2267
2661	2268
2662	2269
2663	2270
2665	2271
2666	2272
2669	2273
2670	2274
2671	2275
2672	2276
2673	2277
2674	2278
2675	2279
2676	2280
2677	2281
2678	2282
2679	2283
2680	2284
2681	2285
2682	2286
2683	2287
2685	2288
2687	2289
2688	2290
2689	2291
2690	2292
2691	2293
2692	2294
2693	2295
2694	2296
2695	2297
2696	2298
2697	2299
2700	2300
2701	2301
2702	2302
2703	2303
2704	2304
2705	2305
2706	2306
2707	2307
2708	2308
2709	2309
2711	2310
2713	2311
2715	2312
2716	2313
2717	2314
2719	2315
2721	2316
2722	2317
2724	2318
2725	2319
2726	2320
2727	2321
2729	2322
2730	2323
2731	2324
2732	2325
2735	2326
2736	2327
2738	2328
2739	2329
2741	2330
2742	2331
2744	2332
2745	2333
2746	2334
2747	2335
2748	2336
2750	2337
2752	2338
2753	2339
2754	2340
2755	2341
2756	2342
2757	2343
2758	2344
2759	2345
2760	2346
2761	2347
2762	2348
2764	2349
2765	2350
2766	2351
2767	2352
2768	2353
2769	2354
2770	2355
2771	2356
2772	2357
2773	2358
2774	2359
2775	2360
2776	2361
2777	2362
2779	2363
2780	2364
2781	2365
2782	2366
2783	2367
2784	2368
2785	2369
2786	2370
2787	2371
2788	2372
2789	2373
2790	2374
2791	2375
2793	2376
2794	2377
2795	2378
2796	2379
2797	2380
2798	2381
2799	2382
2800	2383
2801	2384
2802	2385
2803	2386
2804	2387
2807	2388
2809	2389
2810	2390
2811	2391
2812	2392
2813	2393
2814	2394
2815	2395
2816	2396
2817	2397
2818	2398
2819	2399
2820	2400
2821	2401
2822	2402
2823	2403
2824	2404
2826	2405
2827	2406
2828	2407
2829	2408
2830	2409
2831	2410
2832	2411
2833	2412
2834	2413
2836	2414
2837	2415
2838	2416
2839	2417
2840	2418
2841	2419
2842	2420
2843	2421
2844	2422
2845	2423
2846	2424
2847	2425
2848	2426
2849	2427
2850	2428
2851	2429
2852	2430
2853	2431
2854	2432
2856	2433
2857	2434
2858	2435
2859	2436
2860	2437
2861	2438
2862	2439
2863	2440
2864	2441
2865	2442
2866	2443
2867	2444
2868	2445
2869	2446
2870	2447
2871	2448
2872	2449
2873	2450
2875	2451
2876	2452
2877	2453
2878	2454
2879	2455
2880	2456
2881	2457
2882	2458
2883	2459
2884	2460
2885	2461
2886	2462
2887	2463
2888	2464
2889	2465
2891	2466
2892	2467
2893	2468
2894	2469
2896	2470
2897	2471
2898	2472
2899	2473
2900	2474
2901	2475
2902	2476
2903	2477
2904	2478
2907	2479
2908	2480
2909	2481
2910	2482
2912	2483
2913	2484
2914	2485
2915	2486
2916	2487
2917	2488
2918	2489
2919	2490
2920	2491
2921	2492
2922	2493
2923	2494
2924	2495
2926	2496
2927	2497
2928	2498
2929	2499
2932	2500
2933	2501
2934	2502
2935	2503
2937	2504
2938	2505
2939	2506
2940	2507
2941	2508
2942	2509
2943	2510
2945	2511
2946	2512
2947	2513
2948	2514
2950	2515
2951	2516
2952	2517
2954	2518
2955	2519
2956	2520
2958	2521
2959	2522
2960	2523
2961	2524
2962	2525
2963	2526
2964	2527
2965	2528
2966	2529
2967	2530
2968	2531
2969	2532
2970	2533
2972	2534
2974	2535
2975	2536
2976	2537
2977	2538
2978	2539
2979	2540
2980	2541
2981	2542
2982	2543
2983	2544
2985	2545
2986	2546
2987	2547
2988	2548
2989	2549
2990	2550
2991	2551
2992	2552
2993	2553
2994	2554
2995	2555
2996	2556
2997	2557
2998	2558
2999	2559
3000	2560
3001	2561
3002	2562
3003	2563
3004	2564
3005	2565
3006	2566
3007	2567
3008	2568
3009	2569
3010	2570
3011	2571
3012	2572
3013	2573
3016	2574
3018	2575
3019	2576
3020	2577
3021	2578
3023	2579
3025	2580
3026	2581
3027	2582
3028	2583
3029	2584
3031	2585
3032	2586
3033	2587
3034	2588
3035	2589
3036	2590
3037	2591
3038	2592
3039	2593
3040	2594
3041	2595
3043	2596
3045	2597
3046	2598
3048	2599
3049	2600
3050	2601
3051	2602
3052	2603
3053	2604
3054	2605
3055	2606
3056	2607
3057	2608
3058	2609
3059	2610
3060	2611
3062	2612
3063	2613
3064	2614
3065	2615
3067	2616
3068	2617
3069	2618
3070	2619
3071	2620
3072	2621
3073	2622
3074	2623
3075	2624
3076	2625
3078	2626
3079	2627
3080	2628
3082	2629
3083	2630
3084	2631
3085	2632
3086	2633
3087	2634
3088	2635
3090	2636
3091	2637
3092	2638
3093	2639
3094	2640
3095	2641
3096	2642
3097	2643
3098	2644
3099	2645
3100	2646
3101	2647
3102	2648
3103	2649
3104	2650
3105	2651
3106	2652
3107	2653
3108	2654
3110	2655
3111	2656
3112	2657
3113	2658
3114	2659
3115	2660
3116	2661
3117	2662
3118	2663
3119	2664
3120	2665
3121	2666
3122	2667
3123	2668
3124	2669
3125	2670
3127	2671
3128	2672
3129	2673
3130	2674
3131	2675
3132	2676
3133	2677
3134	2678
3135	2679
3136	2680
3137	2681
3138	2682
3139	2683
3141	2684
3142	2685
3143	2686
3144	2687
3146	2688
3147	2689
3148	2690
3150	2691
3151	2692
3152	2693
3153	2694
3154	2695
3155	2696
3156	2697
3157	2698
3158	2699
3159	2700
3160	2701
3161	2702
3163	2703
3164	2704
3165	2705
3167	2706
3168	2707
3169	2708
3171	2709
3173	2710
3174	2711
3176	2712
3177	2713
3178	2714
3179	2715
3180	2716
3181	2717
3182	2718
3183	2719
3184	2720
3185	2721
3186	2722
3187	2723
3188	2724
3189	2725
3190	2726
3191	2727
3192	2728
3193	2729
3194	2730
3195	2731
3196	2732
3197	2733
3198	2734
3199	2735
3201	2736
3202	2737
3203	2738
3204	2739
3205	2740
3206	2741
3207	2742
3208	2743
3209	2744
3210	2745
3212	2746
3213	2747
3214	2748
3215	2749
3216	2750
3217	2751
3218	2752
3219	2753
3220	2754
3221	2755
3222	2756
3223	2757
3224	2758
3225	2759
3229	2760
3230	2761
3231	2762
3233	2763
3234	2764
3235	2765
3237	2766
3238	2767
3239	2768
3241	2769
3243	2770
3244	2771
3245	2772
3246	2773
3247	2774
3248	2775
3250	2776
3251	2777
3252	2778
3253	2779
3254	2780
3255	2781
3256	2782
3257	2783
3258	2784
3259	2785
3262	2786
3264	2787
3266	2788
3267	2789
3268	2790
3269	2791
3270	2792
3271	2793
3273	2794
3274	2795
3275	2796
3278	2797
3279	2798
3281	2799
3282	2800
3283	2801
3284	2802
3285	2803
3286	2804
3287	2805
3289	2806
3290	2807
3292	2808
3293	2809
3294	2810
3295	2811
3296	2812
3298	2813
3299	2814
3300	2815
3301	2816
3302	2817
3303	2818
3304	2819
3306	2820
3307	2821
3308	2822
3311	2823
3313	2824
3315	2825
3316	2826
3317	2827
3318	2828
3319	2829
3320	2830
3321	2831
3322	2832
3324	2833
3325	2834
3326	2835
3327	2836
3328	2837
3329	2838
3330	2839
3331	2840
3333	2841
3334	2842
3335	2843
3336	2844
3338	2845
3339	2846
3340	2847
3341	2848
3342	2849
3343	2850
3344	2851
3345	2852
3346	2853
3347	2854
3348	2855
3349	2856
3350	2857
3351	2858
3352	2859
3354	2860
3355	2861
3356	2862
3358	2863
3359	2864
3360	2865
3361	2866
3362	2867
3363	2868
3364	2869
3365	2870
3366	2871
3367	2872
3368	2873
3369	2874
3370	2875
3371	2876
3372	2877
3373	2878
3374	2879
3375	2880
3376	2881
3377	2882
3378	2883
3379	2884
3380	2885
3381	2886
3382	2887
3383	2888
3385	2889
3386	2890
3387	2891
3388	2892
3389	2893
3390	2894
3391	2895
3392	2896
3394	2897
3395	2898
3396	2899
3397	2900
3398	2901
3399	2902
3401	2903
3402	2904
3404	2905
3407	2906
3408	2907
3409	2908
3410	2909
3412	2910
3413	2911
3414	2912
3415	2913
3416	2914
3417	2915
3418	2916
3419	2917
3420	2918
3421	2919
3423	2920
3424	2921
3425	2922
3426	2923
3427	2924
3428	2925
3429	2926
3430	2927
3431	2928
3432	2929
3433	2930
3434	2931
3435	2932
3436	2933
3438	2934
3439	2935
3440	2936
3442	2937
3445	2938
3446	2939
3447	2940
3448	2941
3449	2942
3450	2943
3452	2944
3453	2945
3454	2946
3455	2947
3456	2948
3457	2949
3458	2950
3459	2951
3460	2952
3461	2953
3462	2954
3463	2955
3464	2956
3465	2957
3468	2958
3469	2959
3470	2960
3471	2961
3472	2962
3474	2963
3475	2964
3476	2965
3477	2966
3478	2967
3479	2968
3480	2969
3481	2970
3482	2971
3483	2972
3484	2973
3485	2974
3486	2975
3487	2976
3488	2977
3489	2978
3490	2979
3491	2980
3492	2981
3493	2982
3494	2983
3495	2984
3497	2985
3498	2986
3499	2987
3500	2988
3501	2989
3502	2990
3503	2991
3504	2992
3505	2993
3506	2994
3508	2995
3509	2996
3510	2997
3511	2998
3512	2999
3513	3000
3515	3001
3516	3002
3517	3003
3519	3004
3520	3005
3521	3006
3522	3007
3523	3008
3524	3009
3525	3010
3526	3011
3527	3012
3528	3013
3529	3014
3530	3015
3531	3016
3532	3017
3534	3018
3535	3019
3536	3020
3537	3021
3538	3022
3539	3023
3540	3024
3542	3025
3543	3026
3544	3027
3545	3028
3546	3029
3547	3030
3548	3031
3550	3032
3552	3033
3554	3034
3555	3035
3556	3036
3557	3037
3558	3038
3559	3039
3561	3040
3562	3041
3564	3042
3565	3043
3566	3044
3567	3045
3568	3046
3569	3047
3572	3048
3573	3049
3574	3050
3575	3051
3576	3052
3578	3053
3579	3054
3580	3055
3581	3056
3583	3057
3584	3058
3585	3059
3586	3060
3587	3061
3589	3062
3590	3063
3592	3064
3593	3065
3594	3066
3595	3067
3596	3068
3597	3069
3598	3070
3599	3071
3601	3072
3602	3073
3603	3074
3605	3075
3606	3076
3608	3077
3609	3078
3610	3079
3611	3080
3612	3081
3613	3082
3614	3083
3615	3084
3616	3085
3617	3086
3618	3087
3620	3088
3621	3089
3622	3090
3623	3091
3625	3092
3626	3093
3627	3094
3628	3095
3629	3096
3630	3097
3631	3098
3632	3099
3633	3100
3634	3101
3635	3102
3636	3103
3637	3104
3638	3105
3639	3106
3640	3107
3641	3108
3642	3109
3643	3110
3644	3111
3645	3112
3646	3113
3648	3114
3649	3115
3650	3116
3651	3117
3652	3118
3653	3119
3654	3120
3655	3121
3656	3122
3657	3123
3658	3124
3661	3125
3663	3126
3664	3127
3665	3128
3666	3129
3668	3130
3669	3131
3670	3132
3671	3133
3672	3134
3673	3135
3674	3136
3675	3137
3676	3138
3677	3139
3678	3140
3680	3141
3681	3142
3682	3143
3683	3144
3684	3145
3685	3146
3686	3147
3687	3148
3688	3149
3690	3150
3692	3151
3693	3152
3694	3153
3695	3154
3696	3155
3698	3156
3700	3157
3701	3158
3702	3159
3703	3160
3704	3161
3705	3162
3706	3163
3707	3164
3708	3165
3709	3166
3710	3167
3711	3168
3712	3169
3714	3170
3715	3171
3716	3172
3717	3173
3718	3174
3720	3175
3722	3176
3724	3177
3725	3178
3726	3179
3727	3180
3728	3181
3729	3182
3731	3183
3732	3184
3734	3185
3736	3186
3737	3187
3738	3188
3739	3189
3740	3190
3743	3191
3744	3192
3745	3193
3746	3194
3747	3195
3748	3196
3749	3197
3750	3198
3751	3199
3752	3200
3753	3201
3755	3202
3757	3203
3758	3204
3759	3205
3760	3206
3762	3207
3763	3208
3764	3209
3765	3210
3766	3211
3767	3212
3768	3213
3769	3214
3770	3215
3771	3216
3772	3217
3773	3218
3775	3219
3776	3220
3777	3221
3778	3222
3779	3223
3781	3224
3782	3225
3783	3226
3785	3227
3786	3228
3787	3229
3788	3230
3789	3231
3790	3232
3792	3233
3793	3234
3794	3235
3795	3236
3796	3237
3798	3238
3799	3239
3800	3240
3801	3241
3802	3242
3803	3243
3804	3244
3805	3245
3806	3246
3807	3247
3808	3248
3809	3249
3810	3250
3811	3251
3812	3252
3814	3253
3815	3254
3816	3255
3817	3256
3818	3257
3819	3258
3820	3259
3821	3260
3822	3261
3823	3262
3824	3263
3827	3264
3828	3265
3829	3266
3830	3267
3831	3268
3832	3269
3833	3270
3834	3271
3835	3272
3836	3273
3837	3274
3839	3275
3840	3276
3841	3277
3842	3278
3843	3279
3844	3280
3846	3281
3847	3282
3848	3283
3849	3284
3850	3285
3851	3286
3852	3287
3853	3288
3854	3289
3855	3290
3856	3291
3857	3292
3858	3293
3859	3294
3860	3295
3861	3296
3862	3297
3863	3298
3864	3299
3865	3300
3866	3301
3868	3302
3869	3303
3870	3304
3871	3305
3872	3306
3873	3307
3874	3308
3875	3309
3876	3310
3877	3311
3878	3312
3879	3313
3880	3314
3881	3315
3882	3316
3883	3317
3884	3318
3885	3319
3886	3320
3887	3321
3888	3322
3889	3323
3890	3324
3891	3325
3892	3326
3893	3327
3894	3328
3895	3329
3896	3330
3897	3331
3898	3332
3899	3333
3901	3334
3902	3335
3903	3336
3904	3337
3906	3338
3907	3339
3908	3340
3910	3341
3911	3342
3912	3343
3913	3344
3914	3345
3916	3346
3917	3347
3918	3348
3919	3349
3920	3350
3921	3351
3922	3352
3923	3353
3926	3354
3927	3355
3928	3356
3929	3357
3930	3358
3931	3359
3932	3360
3933	3361
3934	3362
3935	3363
3936	3364
3937	3365
3938	3366
3939	3367
3940	3368
3942	3369
3943	3370
3944	3371
3945	3372
3946	3373
3947	3374
3948	3375
3949	3376
3951	3377
3952	3378
3953	3379
3954	3380
3955	3381
3956	3382
3957	3383
3958	3384
3959	3385
3960	3386
3961	3387
3962	3388
3963	3389
3964	3390
3965	3391
3967	3392
3969	3393
3971	3394
3972	3395
3973	3396
3974	3397
3975	3398
3977	3399
3978	3400
3979	3401
3980	3402
3981	3403
3983	3404
3984	3405
3985	3406
3986	3407
3987	3408
3990	3409
3991	3410
3992	3411
3993	3412
3994	3413
3995	3414
3996	3415
3997	3416
3998	3417
3999	3418
4000	3419
4001	3420
4002	3421
4003	3422
4004	3423
4005	3424
4006	3425
4007	3426
4008	3427
4009	3428
4010	3429
4011	3430
4012	3431
4014	3432
4015	3433
4016	3434
4017	3435
4018	3436
4019	3437
4020	3438
4021	3439
4022	3440
4023	3441
4025	3442
4026	3443
4027	3444
4028	3445
4029	3446
4031	3447
4032	3448
4033	3449
4034	3450
4035	3451
4036	3452
4037	3453
4039	3454
4040	3455
4042	3456
4043	3457
4044	3458
4045	3459
4046	3460
4047	3461
4048	3462
4049	3463
4051	3464
4052	3465
4053	3466
4056	3467
4058	3468
4059	3469
4060	3470
4061	3471
4062	3472
4063	3473
4064	3474
4065	3475
4067	3476
4068	3477
4069	3478
4071	3479
4072	3480
4075	3481
4077	3482
4079	3483
4080	3484
4081	3485
4082	3486
4083	3487
4085	3488
4086	3489
4087	3490
4089	3491
4090	3492
4093	3493
4094	3494
4095	3495
4096	3496
4097	3497
4099	3498
4100	3499
4101	3500
4102	3501
4103	3502
4104	3503
4105	3504
4106	3505
4108	3506
4109	3507
4110	3508
4113	3509
4114	3510
4115	3511
4116	3512
4117	3513
4118	3514
4119	3515
4120	3516
4121	3517
4122	3518
4124	3519
4126	3520
4127	3521
4128	3522
4129	3523
4131	3524
4132	3525
4133	3526
4134	3527
4135	3528
4137	3529
4138	3530
4140	3531
4141	3532
4142	3533
4143	3534
4144	3535
4145	3536
4146	3537
4147	3538
4148	3539
4149	3540
4150	3541
4151	3542
4153	3543
4155	3544
4156	3545
4157	3546
4158	3547
4159	3548
4161	3549
4162	3550
4163	3551
4164	3552
4165	3553
4166	3554
4167	3555
4168	3556
4169	3557
4170	3558
4171	3559
4172	3560
4173	3561
4174	3562
4175	3563
4176	3564
4177	3565
4178	3566
4179	3567
4181	3568
4182	3569
4183	3570
4184	3571
4185	3572
4186	3573
4187	3574
4188	3575
4190	3576
4191	3577
4192	3578
4193	3579
4194	3580
4195	3581
4196	3582
4198	3583
4199	3584
4200	3585
4201	3586
4202	3587
4203	3588
4204	3589
4205	3590
4206	3591
4207	3592
4208	3593
4211	3594
4212	3595
4213	3596
4214	3597
4215	3598
4216	3599
4217	3600
4219	3601
4220	3602
4221	3603
4222	3604
4223	3605
4224	3606
4226	3607
4227	3608
4228	3609
4229	3610
4230	3611
4231	3612
4232	3613
4233	3614
4234	3615
4235	3616
4236	3617
4237	3618
4238	3619
4239	3620
4241	3621
4242	3622
4243	3623
4245	3624
4246	3625
4247	3626
4249	3627
4250	3628
4252	3629
4253	3630
4254	3631
4255	3632
4256	3633
4257	3634
4258	3635
4260	3636
4261	3637
4262	3638
4263	3639
4264	3640
4265	3641
4266	3642
4267	3643
4268	3644
4269	3645
4270	3646
4271	3647
4272	3648
4274	3649
4275	3650
4276	3651
4277	3652
4278	3653
4279	3654
4282	3655
4283	3656
4284	3657
4285	3658
4286	3659
4287	3660
4288	3661
4289	3662
4291	3663
4292	3664
4294	3665
4295	3666
4296	3667
4297	3668
4298	3669
4299	3670
4300	3671
4301	3672
4302	3673
4303	3674
4304	3675
4305	3676
4306	3677
4307	3678
4308	3679
4309	3680
4310	3681
4311	3682
4312	3683
4313	3684
4314	3685
4315	3686
4316	3687
4317	3688
4318	3689
4319	3690
4320	3691
4321	3692
4322	3693
4323	3694
4324	3695
4328	3696
4329	3697
4330	3698
4331	3699
4332	3700
4334	3701
4335	3702
4336	3703
4337	3704
4338	3705
4339	3706
4340	3707
4341	3708
4342	3709
4343	3710
4345	3711
4346	3712
4348	3713
4349	3714
4350	3715
4351	3716
4352	3717
4353	3718
4354	3719
4356	3720
4357	3721
4358	3722
4359	3723
4360	3724
4362	3725
4363	3726
4365	3727
4366	3728
4367	3729
4368	3730
4369	3731
4370	3732
4372	3733
4373	3734
4374	3735
4375	3736
4376	3737
4377	3738
4378	3739
4379	3740
4381	3741
4382	3742
4383	3743
4385	3744
4387	3745
4388	3746
4389	3747
4390	3748
4391	3749
4392	3750
4393	3751
4394	3752
4395	3753
4396	3754
4397	3755
4398	3756
4399	3757
4400	3758
4401	3759
4402	3760
4403	3761
4404	3762
4405	3763
4406	3764
4407	3765
4408	3766
4409	3767
4410	3768
4411	3769
4412	3770
4413	3771
4414	3772
4415	3773
4416	3774
4417	3775
4418	3776
4419	3777
4421	3778
4422	3779
4423	3780
4424	3781
4425	3782
4426	3783
4427	3784
4428	3785
4429	3786
4430	3787
4431	3788
4432	3789
4433	3790
4434	3791
4436	3792
4437	3793
4438	3794
4439	3795
4440	3796
4441	3797
4442	3798
4443	3799
4444	3800
4445	3801
4447	3802
4448	3803
4449	3804
4450	3805
4451	3806
4452	3807
4453	3808
4454	3809
4455	3810
4456	3811
4457	3812
4458	3813
4461	3814
4463	3815
4464	3816
4465	3817
4466	3818
4467	3819
4469	3820
4470	3821
4471	3822
4472	3823
4473	3824
4475	3825
4476	3826
4477	3827
4478	3828
4480	3829
4481	3830
4482	3831
4483	3832
4484	3833
4485	3834
4486	3835
4487	3836
4488	3837
4489	3838
4490	3839
4492	3840
4494	3841
4495	3842
4496	3843
4497	3844
4498	3845
4500	3846
4501	3847
4503	3848
4504	3849
4506	3850
4507	3851
4508	3852
4509	3853
4511	3854
4512	3855
4513	3856
4514	3857
4515	3858
4516	3859
4517	3860
4518	3861
4519	3862
4520	3863
4521	3864
4522	3865
4524	3866
4525	3867
4526	3868
4527	3869
4528	3870
4530	3871
4531	3872
4532	3873
4533	3874
4534	3875
4535	3876
4536	3877
4537	3878
4539	3879
4540	3880
4542	3881
4544	3882
4545	3883
4546	3884
4547	3885
4548	3886
4549	3887
4550	3888
4551	3889
4552	3890
4553	3891
4556	3892
4557	3893
4558	3894
4559	3895
4560	3896
4561	3897
4562	3898
4563	3899
4564	3900
4565	3901
4566	3902
4567	3903
4568	3904
4569	3905
4570	3906
4571	3907
4572	3908
4573	3909
4574	3910
4575	3911
4576	3912
4578	3913
4579	3914
4580	3915
4581	3916
4582	3917
4584	3918
4585	3919
4587	3920
4588	3921
4589	3922
4591	3923
4593	3924
4594	3925
4595	3926
4596	3927
4597	3928
4598	3929
4599	3930
4602	3931
4604	3932
4605	3933
4606	3934
4607	3935
4608	3936
4609	3937
4610	3938
4611	3939
4612	3940
4613	3941
4614	3942
4615	3943
4616	3944
4617	3945
4618	3946
4619	3947
4620	3948
4621	3949
4622	3950
4623	3951
4624	3952
4625	3953
4626	3954
4627	3955
4628	3956
4629	3957
4630	3958
4631	3959
4634	3960
4635	3961
4636	3962
4637	3963
4638	3964
4639	3965
4640	3966
4641	3967
4642	3968
4644	3969
4645	3970
4647	3971
4648	3972
4649	3973
4650	3974
4651	3975
4652	3976
4653	3977
4654	3978
4655	3979
4656	3980
4658	3981
4659	3982
4660	3983
4661	3984
4662	3985
4663	3986
4664	3987
4665	3988
4666	3989
4667	3990
4668	3991
4670	3992
4672	3993
4673	3994
4674	3995
4675	3996
4676	3997
4677	3998
4678	3999
4679	4000
4680	4001
4681	4002
4685	4003
4686	4004
4687	4005
4688	4006
4690	4007
4691	4008
4693	4009
4694	4010
4695	4011
4696	4012
4698	4013
4699	4014
4700	4015
4701	4016
4702	4017
4703	4018
4704	4019
4705	4020
4706	4021
4707	4022
4708	4023
4709	4024
4710	4025
4711	4026
4713	4027
4714	4028
4715	4029
4716	4030
4718	4031
4720	4032
4721	4033
4722	4034
4723	4035
4724	4036
4725	4037
4727	4038
4728	4039
4729	4040
4730	4041
4732	4042
4733	4043
4734	4044
4735	4045
4736	4046
4738	4047
4739	4048
4740	4049
4742	4050
4743	4051
4745	4052
4746	4053
4747	4054
4748	4055
4749	4056
4750	4057
4751	4058
4753	4059
4755	4060
4759	4061
4761	4062
4762	4063
4763	4064
4764	4065
4765	4066
4766	4067
4767	4068
4769	4069
4771	4070
4772	4071
4773	4072
4775	4073
4776	4074
4777	4075
4778	4076
4779	4077
4780	4078
4781	4079
4782	4080
4783	4081
4784	4082
4785	4083
4786	4084
4787	4085
4788	4086
4790	4087
4791	4088
4792	4089
4793	4090
4794	4091
4795	4092
4798	4093
4799	4094
4800	4095
4801	4096
4803	4097
4804	4098
4805	4099
4806	4100
4807	4101
4808	4102
4809	4103
4810	4104
4811	4105
4812	4106
4813	4107
4814	4108
4816	4109
4819	4110
4820	4111
4821	4112
4822	4113
4823	4114
4824	4115
4825	4116
4826	4117
4827	4118
4828	4119
4829	4120
4830	4121
4831	4122
4833	4123
4835	4124
4836	4125
4837	4126
4838	4127
4839	4128
4840	4129
4841	4130
4843	4131
4844	4132
4845	4133
4846	4134
4849	4135
4850	4136
4851	4137
4852	4138
4853	4139
4855	4140
4857	4141
4858	4142
4861	4143
4862	4144
4863	4145
4864	4146
4865	4147
4866	4148
4867	4149
4868	4150
4869	4151
4871	4152
4872	4153
4873	4154
4874	4155
4875	4156
4876	4157
4877	4158
4878	4159
4879	4160
4880	4161
4881	4162
4882	4163
4883	4164
4884	4165
4886	4166
4887	4167
4888	4168
4890	4169
4891	4170
4892	4171
4893	4172
4894	4173
4895	4174
4896	4175
4897	4176
4898	4177
4900	4178
4901	4179
4902	4180
4903	4181
4904	4182
4905	4183
4906	4184
4907	4185
4908	4186
4909	4187
4911	4188
4912	4189
4913	4190
4914	4191
4915	4192
4916	4193
4917	4194
4918	4195
4919	4196
4920	4197
4921	4198
4922	4199
4923	4200
4924	4201
4925	4202
4926	4203
4928	4204
4929	4205
4931	4206
4932	4207
4933	4208
4934	4209
4935	4210
4936	4211
4937	4212
4938	4213
4940	4214
4941	4215
4942	4216
4943	4217
4944	4218
4946	4219
4947	4220
4948	4221
4949	4222
4950	4223
4951	4224
4952	4225
4953	4226
4954	4227
4955	4228
4956	4229
4957	4230
4958	4231
4959	4232
4961	4233
4962	4234
4963	4235
4965	4236
4966	4237
4967	4238
4968	4239
4969	4240
4970	4241
4971	4242
4972	4243
4973	4244
4974	4245
4975	4246
4977	4247
4978	4248
4979	4249
4980	4250
4981	4251
4982	4252
4983	4253
4984	4254
4985	4255
4986	4256
4987	4257
4989	4258
4990	4259
4991	4260
4992	4261
4993	4262
4994	4263
4995	4264
4996	4265
4998	4266
4999	4267
5001	4268
5002	4269
5003	4270
5004	4271
5005	4272
5006	4273
5007	4274
5008	4275
5009	4276
5011	4277
5013	4278
5014	4279
5017	4280
5018	4281
5019	4282
5021	4283
5022	4284
5025	4285
5026	4286
5027	4287
5028	4288
5029	4289
5030	4290
5031	4291
5032	4292
5033	4293
5034	4294
5035	4295
5037	4296
5038	4297
5039	4298
5040	4299
5041	4300
5043	4301
5044	4302
5048	4303
5049	4304
5050	4305
5051	4306
5052	4307
5053	4308
5055	4309
5056	4310
5057	4311
5059	4312
5060	4313
5061	4314
5062	4315
5063	4316
5064	4317
5065	4318
5066	4319
5067	4320
5068	4321
5069	4322
5070	4323
5072	4324
5074	4325
5076	4326
5077	4327
5078	4328
5081	4329
5082	4330
5083	4331
5084	4332
5085	4333
5086	4334
5087	4335
5089	4336
5090	4337
5091	4338
5093	4339
5094	4340
5095	4341
5096	4342
5097	4343
5099	4344
5101	4345
5102	4346
5103	4347
5104	4348
5105	4349
5106	4350
5107	4351
5108	4352
5109	4353
5110	4354
5112	4355
5114	4356
5115	4357
5116	4358
5117	4359
5118	4360
5119	4361
5120	4362
5121	4363
5122	4364
5123	4365
5126	4366
5127	4367
5128	4368
5129	4369
5130	4370
5131	4371
5134	4372
5135	4373
5136	4374
5137	4375
5138	4376
5139	4377
5140	4378
5141	4379
5142	4380
5143	4381
5144	4382
5145	4383
5146	4384
5148	4385
5149	4386
5150	4387
5152	4388
5153	4389
5155	4390
5156	4391
5158	4392
5159	4393
5160	4394
5161	4395
5163	4396
5164	4397
5165	4398
5167	4399
5168	4400
5170	4401
5171	4402
5173	4403
5174	4404
5176	4405
5178	4406
5179	4407
5182	4408
5183	4409
5185	4410
5186	4411
5187	4412
5188	4413
5189	4414
5190	4415
5191	4416
5192	4417
5193	4418
5195	4419
5196	4420
5198	4421
5199	4422
5200	4423
5202	4424
5203	4425
5204	4426
5205	4427
5206	4428
5207	4429
5209	4430
5210	4431
5211	4432
5212	4433
5213	4434
5214	4435
5215	4436
5216	4437
5217	4438
5218	4439
5220	4440
5222	4441
5223	4442
5225	4443
5226	4444
5227	4445
5228	4446
5229	4447
5230	4448
5231	4449
5232	4450
5233	4451
5234	4452
5235	4453
5237	4454
5238	4455
5239	4456
5240	4457
5241	4458
5242	4459
5243	4460
5244	4461
5245	4462
5248	4463
5249	4464
5250	4465
5251	4466
5252	4467
5253	4468
5254	4469
5255	4470
5256	4471
5257	4472
5258	4473
5259	4474
5261	4475
5262	4476
5263	4477
5264	4478
5265	4479
5266	4480
5267	4481
5268	4482
5269	4483
5270	4484
5272	4485
5273	4486
5274	4487
5275	4488
5276	4489
5277	4490
5278	4491
5279	4492
5281	4493
5283	4494
5284	4495
5285	4496
5287	4497
5288	4498
5289	4499
5290	4500
5291	4501
5292	4502
5293	4503
5294	4504
5295	4505
5296	4506
5297	4507
5298	4508
5300	4509
5301	4510
5302	4511
5303	4512
5304	4513
5305	4514
5306	4515
5307	4516
5308	4517
5309	4518
5310	4519
5311	4520
5312	4521
5313	4522
5314	4523
5315	4524
5316	4525
5318	4526
5320	4527
5321	4528
5322	4529
5323	4530
5324	4531
5325	4532
5326	4533
5327	4534
5329	4535
5331	4536
5332	4537
5333	4538
5334	4539
5335	4540
5336	4541
5337	4542
5338	4543
5339	4544
5340	4545
5341	4546
5344	4547
5345	4548
5346	4549
5347	4550
5348	4551
5349	4552
5350	4553
5351	4554
5352	4555
5353	4556
5354	4557
5355	4558
5356	4559
5357	4560
5358	4561
5359	4562
5360	4563
5362	4564
5363	4565
5364	4566
5365	4567
5366	4568
5367	4569
5370	4570
5371	4571
5372	4572
5373	4573
5374	4574
5375	4575
5376	4576
5379	4577
5380	4578
5381	4579
5382	4580
5383	4581
5384	4582
5385	4583
5386	4584
5387	4585
5388	4586
5389	4587
5390	4588
5392	4589
5393	4590
5394	4591
5396	4592
5397	4593
5399	4594
5400	4595
5401	4596
5402	4597
5403	4598
5404	4599
5406	4600
5408	4601
5409	4602
5410	4603
5411	4604
5412	4605
5413	4606
5414	4607
5415	4608
5416	4609
5417	4610
5418	4611
5420	4612
5422	4613
5423	4614
5424	4615
5425	4616
5426	4617
5427	4618
5428	4619
5429	4620
5430	4621
5431	4622
5432	4623
5433	4624
5434	4625
5435	4626
5436	4627
5438	4628
5440	4629
5441	4630
5442	4631
5443	4632
5444	4633
5445	4634
5446	4635
5448	4636
5449	4637
5450	4638
5451	4639
5452	4640
5453	4641
5454	4642
5456	4643
5457	4644
5459	4645
5460	4646
5461	4647
5462	4648
5463	4649
5464	4650
5465	4651
5466	4652
5467	4653
5468	4654
5469	4655
5470	4656
5471	4657
5472	4658
5473	4659
5474	4660
5475	4661
5477	4662
5478	4663
5479	4664
5482	4665
5483	4666
5484	4667
5485	4668
5486	4669
5487	4670
5488	4671
5489	4672
5490	4673
5491	4674
5492	4675
5493	4676
5494	4677
5495	4678
5496	4679
5498	4680
5499	4681
5500	4682
5501	4683
5502	4684
5503	4685
5504	4686
5505	4687
5506	4688
5507	4689
5508	4690
5509	4691
5510	4692
5511	4693
5512	4694
5516	4695
5517	4696
5518	4697
5519	4698
5520	4699
5521	4700
5523	4701
5524	4702
5527	4703
5528	4704
5529	4705
5531	4706
5533	4707
5535	4708
5536	4709
5537	4710
5538	4711
5539	4712
5540	4713
5541	4714
5542	4715
5543	4716
5544	4717
5545	4718
5546	4719
5547	4720
5548	4721
5549	4722
5550	4723
5551	4724
5552	4725
5553	4726
5554	4727
5555	4728
5556	4729
5557	4730
5558	4731
5559	4732
5560	4733
5561	4734
5562	4735
5563	4736
5564	4737
5566	4738
5568	4739
5569	4740
5570	4741
5571	4742
5572	4743
5573	4744
5574	4745
5575	4746
5576	4747
5577	4748
5578	4749
5579	4750
5580	4751
5581	4752
5582	4753
5583	4754
5584	4755
5585	4756
5586	4757
5587	4758
5589	4759
5590	4760
5591	4761
5592	4762
5594	4763
5595	4764
5596	4765
5597	4766
5599	4767
5600	4768
5601	4769
5602	4770
5604	4771
5605	4772
5606	4773
5607	4774
5610	4775
5611	4776
5612	4777
5613	4778
5614	4779
5615	4780
5616	4781
5617	4782
5618	4783
5619	4784
5620	4785
5621	4786
5622	4787
5623	4788
5624	4789
5625	4790
5628	4791
5629	4792
5630	4793
5631	4794
5632	4795
5634	4796
5635	4797
5636	4798
5637	4799
5638	4800
5639	4801
5641	4802
5642	4803
5643	4804
5645	4805
5646	4806
5647	4807
5648	4808
5649	4809
5650	4810
5651	4811
5652	4812
5654	4813
5655	4814
5656	4815
5657	4816
5658	4817
5659	4818
5660	4819
5661	4820
5662	4821
5664	4822
5665	4823
5666	4824
5667	4825
5669	4826
5670	4827
5671	4828
5672	4829
5673	4830
5674	4831
5675	4832
5676	4833
5677	4834
5678	4835
5680	4836
5681	4837
5682	4838
5683	4839
5685	4840
5686	4841
5687	4842
5688	4843
5689	4844
5690	4845
5691	4846
5692	4847
5693	4848
5694	4849
5696	4850
5697	4851
5698	4852
5699	4853
5700	4854
5701	4855
5702	4856
5703	4857
5704	4858
5705	4859
5707	4860
5708	4861
5710	4862
5711	4863
5712	4864
5713	4865
5715	4866
5716	4867
5717	4868
5718	4869
5719	4870
5720	4871
5721	4872
5722	4873
5723	4874
5724	4875
5726	4876
5727	4877
5729	4878
5730	4879
5731	4880
5732	4881
5733	4882
5734	4883
5735	4884
5736	4885
5737	4886
5738	4887
5739	4888
5741	4889
5743	4890
5744	4891
5745	4892
5746	4893
5747	4894
5748	4895
5749	4896
5750	4897
5752	4898
5753	4899
5754	4900
5755	4901
5756	4902
5758	4903
5759	4904
5760	4905
5764	4906
5765	4907
5766	4908
5767	4909
5768	4910
5769	4911
5770	4912
5771	4913
5772	4914
5773	4915
5774	4916
5775	4917
5777	4918
5778	4919
5779	4920
5780	4921
5781	4922
5782	4923
5783	4924
5784	4925
5785	4926
5786	4927
5787	4928
5788	4929
5791	4930
5792	4931
5793	4932
5795	4933
5796	4934
5797	4935
5798	4936
5799	4937
5800	4938
5801	4939
5802	4940
5804	4941
5805	4942
5806	4943
5807	4944
5808	4945
5810	4946
5811	4947
5812	4948
5813	4949
5814	4950
5815	4951
5816	4952
5817	4953
5818	4954
5819	4955
5820	4956
5821	4957
5822	4958
5824	4959
5827	4960
5828	4961
5829	4962
5830	4963
5831	4964
5832	4965
5833	4966
5834	4967
5836	4968
5837	4969
5838	4970
5839	4971
5840	4972
5841	4973
5842	4974
5843	4975
5844	4976
5846	4977
5847	4978
5848	4979
5849	4980
5850	4981
5851	4982
5852	4983
5853	4984
5854	4985
5855	4986
5856	4987
5857	4988
5858	4989
5860	4990
5861	4991
5862	4992
5863	4993
5864	4994
5865	4995
5866	4996
5868	4997
5869	4998
5871	4999
5874	5000
5875	5001
5876	5002
5877	5003
5878	5004
5879	5005
5880	5006
5882	5007
5883	5008
5884	5009
5885	5010
5887	5011
5888	5012
5889	5013
5890	5014
5891	5015
5892	5016
5893	5017
5894	5018
5895	5019
5896	5020
5897	5021
5899	5022
5901	5023
5903	5024
5904	5025
5905	5026
5906	5027
5907	5028
5908	5029
5909	5030
5910	5031
5911	5032
5912	5033
5913	5034
5914	5035
5915	5036
5916	5037
5917	5038
5918	5039
5919	5040
5920	5041
5921	5042
5922	5043
5923	5044
5924	5045
5925	5046
5926	5047
5927	5048
5928	5049
5929	5050
5930	5051
5931	5052
5932	5053
5934	5054
5936	5055
5937	5056
5938	5057
5939	5058
5940	5059
5941	5060
5942	5061
5945	5062
5946	5063
5947	5064
5948	5065
5950	5066
5951	5067
5952	5068
5953	5069
5954	5070
5955	5071
5956	5072
5957	5073
5958	5074
5959	5075
5961	5076
5963	5077
5965	5078
5967	5079
5968	5080
5969	5081
5970	5082
5971	5083
5972	5084
5973	5085
5974	5086
5975	5087
5977	5088
5978	5089
5979	5090
5982	5091
5983	5092
5984	5093
5985	5094
5986	5095
5987	5096
5988	5097
5989	5098
5991	5099
5992	5100
5993	5101
5995	5102
5996	5103
5997	5104
5999	5105
6000	5106
6001	5107
6002	5108
6003	5109
6004	5110
6005	5111
6006	5112
6007	5113
6008	5114
6009	5115
6010	5116
6011	5117
6012	5118
6013	5119
6015	5120
6016	5121
6017	5122
6018	5123
6019	5124
6020	5125
6021	5126
6022	5127
6023	5128
6024	5129
6025	5130
6026	5131
6027	5132
6028	5133
6030	5134
6031	5135
6032	5136
6033	5137
6035	5138
6036	5139
6037	5140
6038	5141
6039	5142
6040	5143
6041	5144
6042	5145
6043	5146
6045	5147
6046	5148
6047	5149
6048	5150
6049	5151
6050	5152
6053	5153
6054	5154
6055	5155
6057	5156
6058	5157
6059	5158
6060	5159
6061	5160
6062	5161
6063	5162
6064	5163
6065	5164
6066	5165
6067	5166
6068	5167
6069	5168
6070	5169
6071	5170
6072	5171
6073	5172
6074	5173
6075	5174
6076	5175
6077	5176
6078	5177
6079	5178
6080	5179
6081	5180
6083	5181
6084	5182
6085	5183
6086	5184
6088	5185
6089	5186
6090	5187
6092	5188
6093	5189
6094	5190
6095	5191
6096	5192
6097	5193
6098	5194
6099	5195
6100	5196
6101	5197
6102	5198
6103	5199
6104	5200
6105	5201
6106	5202
6107	5203
6108	5204
6109	5205
6110	5206
6111	5207
6112	5208
6114	5209
6115	5210
6116	5211
6117	5212
6118	5213
6119	5214
6120	5215
6121	5216
6123	5217
6124	5218
6126	5219
6127	5220
6128	5221
6130	5222
6131	5223
6132	5224
6133	5225
6134	5226
6135	5227
6137	5228
6138	5229
6139	5230
6141	5231
6142	5232
6144	5233
6145	5234
6146	5235
6147	5236
6148	5237
6149	5238
6150	5239
6151	5240
6153	5241
6154	5242
6155	5243
6156	5244
6157	5245
6158	5246
6159	5247
6160	5248
6162	5249
6163	5250
6164	5251
6165	5252
6166	5253
6167	5254
6168	5255
6169	5256
6170	5257
6171	5258
6172	5259
6173	5260
6174	5261
6175	5262
6176	5263
6177	5264
6178	5265
6179	5266
6180	5267
6181	5268
6182	5269
6183	5270
6184	5271
6185	5272
6187	5273
6188	5274
6189	5275
6190	5276
6191	5277
6192	5278
6194	5279
6196	5280
6197	5281
6198	5282
6199	5283
6200	5284
6201	5285
6202	5286
6203	5287
6204	5288
6205	5289
6206	5290
6207	5291
6208	5292
6209	5293
6210	5294
6211	5295
6212	5296
6213	5297
6214	5298
6215	5299
6219	5300
6220	5301
6221	5302
6222	5303
6223	5304
6224	5305
6225	5306
6226	5307
6227	5308
6228	5309
6229	5310
6231	5311
6232	5312
6234	5313
6235	5314
6236	5315
6237	5316
6238	5317
6239	5318
6240	5319
6241	5320
6242	5321
6243	5322
6244	5323
6245	5324
6246	5325
6247	5326
6248	5327
6249	5328
6250	5329
6251	5330
6252	5331
6253	5332
6254	5333
6255	5334
6256	5335
6257	5336
6258	5337
6259	5338
6260	5339
6262	5340
6263	5341
6265	5342
6266	5343
6267	5344
6268	5345
6270	5346
6271	5347
6272	5348
6273	5349
6275	5350
6276	5351
6277	5352
6278	5353
6279	5354
6280	5355
6281	5356
6283	5357
6284	5358
6285	5359
6286	5360
6287	5361
6289	5362
6290	5363
6291	5364
6293	5365
6294	5366
6295	5367
6296	5368
6297	5369
6298	5370
6299	5371
6300	5372
6301	5373
6302	5374
6303	5375
6304	5376
6308	5377
6309	5378
6310	5379
6311	5380
6313	5381
6314	5382
6315	5383
6316	5384
6317	5385
6320	5386
6321	5387
6322	5388
6324	5389
6325	5390
6327	5391
6328	5392
6329	5393
6330	5394
6331	5395
6332	5396
6333	5397
6334	5398
6335	5399
6336	5400
6337	5401
6339	5402
6340	5403
6342	5404
6343	5405
6344	5406
6345	5407
6347	5408
6348	5409
6350	5410
6351	5411
6352	5412
6353	5413
6354	5414
6355	5415
6356	5416
6358	5417
6359	5418
6360	5419
6361	5420
6362	5421
6363	5422
6364	5423
6365	5424
6366	5425
6367	5426
6368	5427
6369	5428
6370	5429
6372	5430
6373	5431
6374	5432
6375	5433
6376	5434
6377	5435
6378	5436
6379	5437
6380	5438
6381	5439
6382	5440
6383	5441
6384	5442
6385	5443
6386	5444
6387	5445
6388	5446
6389	5447
6391	5448
6392	5449
6393	5450
6394	5451
6395	5452
6396	5453
6398	5454
6399	5455
6400	5456
6403	5457
6405	5458
6406	5459
6407	5460
6408	5461
6409	5462
6410	5463
6411	5464
6413	5465
6414	5466
6415	5467
6416	5468
6417	5469
6418	5470
6419	5471
6420	5472
6422	5473
6423	5474
6424	5475
6425	5476
6426	5477
6427	5478
6428	5479
6429	5480
6430	5481
6431	5482
6432	5483
6433	5484
6434	5485
6435	5486
6436	5487
6438	5488
6439	5489
6440	5490
6441	5491
6442	5492
6443	5493
6444	5494
6445	5495
6446	5496
6447	5497
6448	5498
6449	5499
6451	5500
6452	5501
6453	5502
6454	5503
6455	5504
6456	5505
6457	5506
6459	5507
6460	5508
6462	5509
6464	5510
6465	5511
6466	5512
6467	5513
6469	5514
6470	5515
6471	5516
6472	5517
6473	5518
6474	5519
6475	5520
6477	5521
6478	5522
6479	5523
6480	5524
6481	5525
6482	5526
6483	5527
6484	5528
6485	5529
6486	5530
6487	5531
6488	5532
6489	5533
6490	5534
6491	5535
6494	5536
6495	5537
6496	5538
6497	5539
6500	5540
6501	5541
6502	5542
6504	5543
6505	5544
6506	5545
6507	5546
6509	5547
6510	5548
6511	5549
6512	5550
6513	5551
6514	5552
6515	5553
6516	5554
6518	5555
6519	5556
6520	5557
6521	5558
6522	5559
6523	5560
6524	5561
6525	5562
6526	5563
6527	5564
6528	5565
6529	5566
6530	5567
6531	5568
6532	5569
6533	5570
6534	5571
6535	5572
6536	5573
6537	5574
6538	5575
6539	5576
6540	5577
6541	5578
6542	5579
6543	5580
6545	5581
6546	5582
6547	5583
6548	5584
6549	5585
6550	5586
6551	5587
6552	5588
6553	5589
6554	5590
6555	5591
6556	5592
6557	5593
6559	5594
6560	5595
6561	5596
6562	5597
6563	5598
6564	5599
6565	5600
6566	5601
6567	5602
6569	5603
6570	5604
6571	5605
6573	5606
6574	5607
6575	5608
6576	5609
6577	5610
6578	5611
6579	5612
6580	5613
6581	5614
6583	5615
6584	5616
6585	5617
6586	5618
6587	5619
6588	5620
6589	5621
6590	5622
6591	5623
6593	5624
6595	5625
6596	5626
6597	5627
6598	5628
6599	5629
6600	5630
6601	5631
6602	5632
6603	5633
6604	5634
6606	5635
6608	5636
6610	5637
6612	5638
6613	5639
6614	5640
6615	5641
6616	5642
6617	5643
6618	5644
6619	5645
6621	5646
6622	5647
6623	5648
6624	5649
6625	5650
6627	5651
6628	5652
6629	5653
6631	5654
6633	5655
6634	5656
6636	5657
6637	5658
6638	5659
6639	5660
6640	5661
6641	5662
6643	5663
6644	5664
6647	5665
6649	5666
6650	5667
6651	5668
6652	5669
6654	5670
6655	5671
6656	5672
6657	5673
6658	5674
6659	5675
6660	5676
6661	5677
6662	5678
6663	5679
6664	5680
6665	5681
6666	5682
6669	5683
6671	5684
6672	5685
6673	5686
6674	5687
6675	5688
6676	5689
6678	5690
6679	5691
6680	5692
6681	5693
6683	5694
6684	5695
6686	5696
6687	5697
6688	5698
6690	5699
6691	5700
6693	5701
6694	5702
6695	5703
6696	5704
6697	5705
6698	5706
6700	5707
6701	5708
6702	5709
6703	5710
6704	5711
6706	5712
6707	5713
6708	5714
6709	5715
6710	5716
6711	5717
6712	5718
6713	5719
6714	5720
6715	5721
6716	5722
6717	5723
6718	5724
6720	5725
6721	5726
6722	5727
6723	5728
6724	5729
6726	5730
6728	5731
6730	5732
6731	5733
6732	5734
6733	5735
6734	5736
6735	5737
6736	5738
6737	5739
6738	5740
6739	5741
6740	5742
6741	5743
6743	5744
6745	5745
6746	5746
6748	5747
6749	5748
6750	5749
6752	5750
6753	5751
6755	5752
6757	5753
6758	5754
6759	5755
6760	5756
6761	5757
6762	5758
6763	5759
6764	5760
6766	5761
6767	5762
6768	5763
6769	5764
6770	5765
6771	5766
6772	5767
6773	5768
6774	5769
6776	5770
6777	5771
6778	5772
6779	5773
6780	5774
6781	5775
6782	5776
6783	5777
6784	5778
6787	5779
6789	5780
6790	5781
6791	5782
6792	5783
6793	5784
6794	5785
6795	5786
6796	5787
6798	5788
6799	5789
6800	5790
6801	5791
6802	5792
6803	5793
6804	5794
6805	5795
6806	5796
6807	5797
6808	5798
6809	5799
6810	5800
6811	5801
6812	5802
6813	5803
6814	5804
6815	5805
6816	5806
6817	5807
6818	5808
6819	5809
6820	5810
6821	5811
6822	5812
6823	5813
6824	5814
6825	5815
6826	5816
6827	5817
6828	5818
6829	5819
6830	5820
6832	5821
6833	5822
6834	5823
6835	5824
6836	5825
6837	5826
6838	5827
6839	5828
6840	5829
6841	5830
6842	5831
6843	5832
6844	5833
6846	5834
6847	5835
6848	5836
6849	5837
6850	5838
6851	5839
6852	5840
6853	5841
6855	5842
6856	5843
6857	5844
6858	5845
6859	5846
6860	5847
6861	5848
6862	5849
6863	5850
6864	5851
6865	5852
6866	5853
6867	5854
6868	5855
6869	5856
6870	5857
6872	5858
6873	5859
6874	5860
6875	5861
6876	5862
6880	5863
6882	5864
6883	5865
6884	5866
6885	5867
6886	5868
6887	5869
6888	5870
6889	5871
6890	5872
6891	5873
6892	5874
6893	5875
6895	5876
6896	5877
6897	5878
6898	5879
6899	5880
6900	5881
6901	5882
6902	5883
6903	5884
6904	5885
6905	5886
6906	5887
6907	5888
6908	5889
6909	5890
6910	5891
6911	5892
6912	5893
6913	5894
6914	5895
6915	5896
6916	5897
6917	5898
6918	5899
6919	5900
6920	5901
6921	5902
6922	5903
6924	5904
6925	5905
6926	5906
6927	5907
6928	5908
6930	5909
6931	5910
6933	5911
6934	5912
6936	5913
6937	5914
6938	5915
6939	5916
6940	5917
6941	5918
6942	5919
6943	5920
6944	5921
6945	5922
6946	5923
6948	5924
6950	5925
6951	5926
6952	5927
6953	5928
6954	5929
6955	5930
6958	5931
6959	5932
6960	5933
6961	5934
6962	5935
6963	5936
6964	5937
6965	5938
6966	5939
6967	5940
6968	5941
6969	5942
6971	5943
6973	5944
6974	5945
6975	5946
6976	5947
6977	5948
6978	5949
6979	5950
6980	5951
6981	5952
6982	5953
6984	5954
6985	5955
6986	5956
6987	5957
6988	5958
6989	5959
6990	5960
6992	5961
6994	5962
6995	5963
6997	5964
6998	5965
6999	5966
7000	5967
7001	5968
7002	5969
7003	5970
7004	5971
7005	5972
7006	5973
7007	5974
7008	5975
7009	5976
7011	5977
7012	5978
7013	5979
7014	5980
7015	5981
7017	5982
7018	5983
7020	5984
7021	5985
7022	5986
7023	5987
7024	5988
7025	5989
7026	5990
7027	5991
7029	5992
7030	5993
7031	5994
7032	5995
7034	5996
7035	5997
7036	5998
7037	5999
7038	6000
7040	6001
7041	6002
7042	6003
7043	6004
7044	6005
7045	6006
7046	6007
7048	6008
7049	6009
7050	6010
7051	6011
7054	6012
7055	6013
7056	6014
7057	6015
7059	6016
7060	6017
7061	6018
7062	6019
7063	6020
7065	6021
7066	6022
7067	6023
7068	6024
7069	6025
7070	6026
7071	6027
7072	6028
7073	6029
7078	6030
7079	6031
7081	6032
7082	6033
7083	6034
7084	6035
7085	6036
7087	6037
7088	6038
7089	6039
7090	6040
7091	6041
7092	6042
7093	6043
7094	6044
7095	6045
7096	6046
7097	6047
7098	6048
7099	6049
7100	6050
7101	6051
7102	6052
7104	6053
7105	6054
7106	6055
7107	6056
7109	6057
7111	6058
7112	6059
7113	6060
7114	6061
7115	6062
7116	6063
7117	6064
7118	6065
7119	6066
7120	6067
7121	6068
7122	6069
7123	6070
7124	6071
7125	6072
7126	6073
7127	6074
7128	6075
7129	6076
7130	6077
7132	6078
7134	6079
7135	6080
7136	6081
7138	6082
7139	6083
7140	6084
7141	6085
7142	6086
7143	6087
7144	6088
7147	6089
7149	6090
7151	6091
7152	6092
7153	6093
7154	6094
7155	6095
7156	6096
7157	6097
7158	6098
7159	6099
7160	6100
7161	6101
7162	6102
7164	6103
7165	6104
7166	6105
7167	6106
7169	6107
7170	6108
7171	6109
7172	6110
7173	6111
7174	6112
7175	6113
7177	6114
7179	6115
7181	6116
7182	6117
7183	6118
7184	6119
7185	6120
7187	6121
7188	6122
7190	6123
7191	6124
7192	6125
7194	6126
7195	6127
7196	6128
7197	6129
7198	6130
7199	6131
7200	6132
7201	6133
7202	6134
7203	6135
7204	6136
7205	6137
7206	6138
7207	6139
7208	6140
7209	6141
7210	6142
7211	6143
7213	6144
7215	6145
7216	6146
7217	6147
7218	6148
7219	6149
7220	6150
7221	6151
7222	6152
7224	6153
7225	6154
7226	6155
7227	6156
7228	6157
7229	6158
7230	6159
7232	6160
7233	6161
7234	6162
7235	6163
7236	6164
7238	6165
7239	6166
7241	6167
7242	6168
7243	6169
7244	6170
7245	6171
7247	6172
7248	6173
7249	6174
7250	6175
7251	6176
7252	6177
7253	6178
7254	6179
7255	6180
